nparticles_per_dimension,particle spacing,#particles,mean face size,#particles sampled,#particles sdf (#layers 3),nhs: #cells (#layers 3),nhs: max #faces per cell (#layers 3),nhs: min #faces per cell (#layers 3),nhs: mean #faces per cell (#layers 3),#particles sdf (#layers 4),nhs: #cells (#layers 4),nhs: max #faces per cell (#layers 4),nhs: min #faces per cell (#layers 4),nhs: mean #faces per cell (#layers 4),#particles sdf (#layers 5),nhs: #cells (#layers 5),nhs: max #faces per cell (#layers 5),nhs: min #faces per cell (#layers 5),nhs: mean #faces per cell (#layers 5),#particles sdf (#layers 6),nhs: #cells (#layers 6),nhs: max #faces per cell (#layers 6),nhs: min #faces per cell (#layers 6),nhs: mean #faces per cell (#layers 6)
25,0.4,15625,0.2111003979113722,3223,8747,700,3649,1,1047.7528571428572,11835,399,6338,1,1788.9598997493733,15200,254,11960,8,2773.452755905512,18865,221,15379,2,3166.5656108597286
50,0.2,125000,0.2111003979113722,25141,34965,2732,977,1,293.6961932650073,46283,1494,1729,1,512.0100401606426,58016,959,2655,2,777.778936392075,70297,700,3649,1,1047.7528571428572
75,0.13333333333333333,421875,0.2111003979113722,85570,78498,6251,429,1,139.8446648536234,104630,3442,746,1,237.75682742591516,130577,2169,1276,1,363.3725218994929,156782,1494,1729,1,512.0100401606426
100,0.1,1000000,0.2111003979113722,203606,141531,11460,244,1,82.95619546247819,186768,6251,429,1,139.8446648536234,233380,3969,679,1,209.2766439909297,280679,2732,977,1,293.6961932650073
125,0.08,1953125,0.2111003979113722,395053,218377,18334,181,1,56.24746372859169,292082,10071,292,1,92.31158772713732,368123,6251,429,1,139.8446648536234,438346,4301,584,1,194.33527086724018
150,0.06666666666666667,3375000,0.2111003979113722,684698,314589,27026,116,1,41.36734995929845,420943,14703,200,1,67.38271101135823,527040,9171,299,1,100.38937956602334,632729,6251,429,1,139.8446648536234
200,0.05,8000000,0.2111003979113722,1628417,567780,49903,76,1,26.062160591547602,748397,27026,116,1,41.36734995929845,937708,16899,174,1,60.021066335286115,1133678,11460,244,1,82.95619546247819
250,0.04,15625000,0.2111003979113722,3174617,874766,79332,65,1,18.852493319215448,1170166,43729,82,1,28.56946191314688,1477995,27026,116,1,41.36734995929845,1760831,18334,181,1,56.24746372859169
