nparticles_per_dimension,particle spacing,#particles,mean face size,#particles sampled,#particles sdf (#layers 3),nhs: #cells (#layers 3),nhs: max #faces per cell (#layers 3),nhs: min #faces per cell (#layers 3),nhs: mean #faces per cell (#layers 3),#particles sdf (#layers 4),nhs: #cells (#layers 4),nhs: max #faces per cell (#layers 4),nhs: min #faces per cell (#layers 4),nhs: mean #faces per cell (#layers 4),#particles sdf (#layers 5),nhs: #cells (#layers 5),nhs: max #faces per cell (#layers 5),nhs: min #faces per cell (#layers 5),nhs: mean #faces per cell (#layers 5),#particles sdf (#layers 6),nhs: #cells (#layers 6),nhs: max #faces per cell (#layers 6),nhs: min #faces per cell (#layers 6),nhs: mean #faces per cell (#layers 6)
25,0.4,15625,0.10595824403426282,3229,8788,698,14423,1,4022.795128939828,11889,398,24856,1,6963.155778894472,15251,254,46767,11,10834.16535433071,18925,221,60913,1,12410.809954751132
50,0.2,125000,0.10595824403426282,25212,35156,2725,3720,1,1079.9409174311927,46544,1486,6758,1,1932.0686406460295,58364,958,10342,1,2956.2129436325677,70669,698,14423,1,4022.795128939828
75,0.13333333333333333,421875,0.10595824403426282,85809,79130,6179,1487,1,497.82019744295195,105380,3411,2835,1,871.5892700087951,131428,2152,4837,1,1353.8805762081784,157731,1486,6758,1,1932.0686406460295
100,0.1,1000000,0.10595824403426282,204225,142657,11241,842,1,286.27915665866027,188250,6179,1487,1,497.82019744295195,235009,3938,2558,1,760.3755713560183,282580,2725,3720,1,1079.9409174311927
125,0.08,1953125,0.10595824403426282,396080,220121,17939,532,1,187.38335470204584,294464,9868,1006,1,322.49766923388734,370972,6179,1487,1,497.82019744295195,441611,4255,2186,1,706.8770857814336
150,0.06666666666666667,3375000,0.10595824403426282,686394,317099,26239,391,1,133.8462974960936,424249,14422,688,1,228.0339065316877,531317,8999,1071,1,351.0093343704856,637708,6179,1487,1,497.82019744295195
200,0.05,8000000,0.10595824403426282,1633171,572454,47879,220,1,79.85812151465151,754398,26239,391,1,133.8462974960936,945235,16551,587,1,201.3484985801462,1142816,11241,842,1,286.27915665866027
250,0.04,15625000,0.10595824403426282,3182976,880882,75481,182,1,54.83693909725626,1179297,41822,264,1,89.44536368418535,1489783,26239,391,1,133.8462974960936,1775249,17939,532,1,187.38335470204584
