nparticles_per_dimension,particle spacing,#particles,mean face size,#particles sampled,#particles sdf (#layers 3),nhs: #cells (#layers 3),nhs: max #faces per cell (#layers 3),nhs: min #faces per cell (#layers 3),nhs: mean #faces per cell (#layers 3),#particles sdf (#layers 4),nhs: #cells (#layers 4),nhs: max #faces per cell (#layers 4),nhs: min #faces per cell (#layers 4),nhs: mean #faces per cell (#layers 4),#particles sdf (#layers 5),nhs: #cells (#layers 5),nhs: max #faces per cell (#layers 5),nhs: min #faces per cell (#layers 5),nhs: mean #faces per cell (#layers 5),#particles sdf (#layers 6),nhs: #cells (#layers 6),nhs: max #faces per cell (#layers 6),nhs: min #faces per cell (#layers 6),nhs: mean #faces per cell (#layers 6)
25,0.4,15625,0.06111659777145766,3231,8804,698,43004,2,11898.866762177651,11908,397,74176,1,20760.3879093199,15272,254,140088,15,32317.153543307086,18943,221,182658,2,37072.565610859725
50,0.2,125000,0.06111659777145766,25235,35243,2714,10931,1,3144.2844509948413,46636,1483,20141,1,5672.782198246797,58466,958,30531,1,8714.472860125261,70791,698,43004,2,11898.866762177651
75,0.13333333333333333,421875,0.06111659777145766,85860,79325,6140,4396,1,1426.237947882736,105651,3398,8157,1,2526.6683343143027,131716,2146,14415,3,3954.9356943150046,158041,1483,20141,1,5672.782198246797
100,0.1,1000000,0.06111659777145766,204380,143051,11117,2433,1,808.9789511558873,188663,6140,4396,1,1426.237947882736,235592,3914,7280,1,2203.039856923863,283225,2714,10931,1,3144.2844509948413
125,0.08,1953125,0.06111659777145766,396308,220650,17775,1559,1,519.7988185654009,295291,9759,2942,1,915.5822317860436,371895,6140,4396,1,1426.237947882736,442726,4239,6266,1,2040.0434064637886
150,0.06666666666666667,3375000,0.06111659777145766,686830,317955,25911,1132,1,365.8501408668133,425374,14252,1879,1,639.4546028627561,532783,8934,3053,1,996.4351914036266,639335,6140,4396,1,1426.237947882736
200,0.05,8000000,0.06111659777145766,1634609,573994,46974,613,1,212.32379614254694,756570,25911,1132,1,365.8501408668133,947939,16367,1719,1,561.2195881957598,1145973,11117,2433,1,808.9789511558873
250,0.04,15625000,0.06111659777145766,3184827,883378,73657,440,1,142.2126749663983,1182525,41088,680,1,239.5307632398754,1493951,25911,1132,1,365.8501408668133,1780289,17775,1559,1,519.7988185654009
