nparticles_per_dimension,particle spacing,#particles,mean face size,#particles sampled,#particles sdf (#layers 3),nhs: #cells (#layers 3),nhs: max #faces per cell (#layers 3),nhs: min #faces per cell (#layers 3),nhs: mean #faces per cell (#layers 3),#particles sdf (#layers 4),nhs: #cells (#layers 4),nhs: max #faces per cell (#layers 4),nhs: min #faces per cell (#layers 4),nhs: mean #faces per cell (#layers 4),#particles sdf (#layers 5),nhs: #cells (#layers 5),nhs: max #faces per cell (#layers 5),nhs: min #faces per cell (#layers 5),nhs: mean #faces per cell (#layers 5),#particles sdf (#layers 6),nhs: #cells (#layers 6),nhs: max #faces per cell (#layers 6),nhs: min #faces per cell (#layers 6),nhs: mean #faces per cell (#layers 6)
25,0.4,15625,0.12211825632072114,3229,8785,698,10857,3,3041.2163323782233,11881,398,18810,1,5256.668341708542,15237,257,35066,7,8073.451361867705,18909,221,45787,3,9351.561085972851
50,0.2,125000,0.12211825632072114,25202,35123,2725,2845,1,821.7104587155964,46481,1490,5161,1,1461.7872483221477,58292,962,7863,1,2229.6008316008315,70576,698,10857,3,3041.2163323782233
75,0.13333333333333333,421875,0.12211825632072114,85785,78998,6206,1139,1,379.79245891073157,105252,3419,2192,1,663.2269669494004,131271,2166,3672,1,1022.8591874422899,157534,1490,5161,1,1461.7872483221477
100,0.1,1000000,0.12211825632072114,204125,142424,11274,637,1,219.9688664183076,187953,6206,1139,1,379.79245891073157,234682,3944,1948,1,579.6255070993915,282205,2725,2845,1,821.7104587155964
125,0.08,1953125,0.12211825632072114,395944,219695,18015,439,1,144.79356092145434,293953,9877,768,1,248.1891262529108,370384,6206,1139,1,379.79245891073157,440952,4276,1685,1,537.4529934518241
150,0.06666666666666667,3375000,0.12211825632072114,686162,316636,26409,285,1,103.78530046575031,423546,14421,490,1,176.44560016642396,530502,9032,793,1,269.1483613817538,636682,6206,1139,1,379.79245891073157
200,0.05,8000000,0.12211825632072114,1632378,571436,48240,179,1,62.52792288557214,752993,26409,285,1,103.78530046575031,943656,16645,439,1,155.26308200660858,1140922,11274,637,1,219.9688664183076
250,0.04,15625000,0.12211825632072114,3181480,879512,75989,129,1,43.429377936280254,1177262,42152,185,1,69.87741981400646,1487223,26409,285,1,103.78530046575031,1772100,18015,439,1,144.79356092145434
