nparticles_per_dimension,particle spacing,#particles,mean face size,#particles sampled,#particles sdf (#layers 3),nhs: #cells (#layers 3),nhs: max #faces per cell (#layers 3),nhs: min #faces per cell (#layers 3),nhs: mean #faces per cell (#layers 3),#particles sdf (#layers 4),nhs: #cells (#layers 4),nhs: max #faces per cell (#layers 4),nhs: min #faces per cell (#layers 4),nhs: mean #faces per cell (#layers 4),#particles sdf (#layers 5),nhs: #cells (#layers 5),nhs: max #faces per cell (#layers 5),nhs: min #faces per cell (#layers 5),nhs: mean #faces per cell (#layers 5),#particles sdf (#layers 6),nhs: #cells (#layers 6),nhs: max #faces per cell (#layers 6),nhs: min #faces per cell (#layers 6),nhs: mean #faces per cell (#layers 6)
25,0.4,15625,0.03333302796388991,3230,8807,698,143968,1,39555.39971346705,11915,397,249511,2,69254.72040302267,15277,254,468403,58,108007.11023622047,18951,221,614176,9,124000.08597285068
50,0.2,125000,0.03333302796388991,25244,35274,2705,36215,1,10360.944177449168,46682,1478,67555,2,18812.981732070366,58523,958,101988,2,28899.751565762002,70816,698,143968,1,39555.39971346705
75,0.13333333333333333,421875,0.03333302796388991,85865,79427,6125,14442,1,4642.305306122449,105730,3383,27137,1,8313.363878214603,131819,2141,47954,2,13050.977580569826,158159,1478,67555,2,18812.981732070366
100,0.1,1000000,0.03333302796388991,204424,143215,11042,7846,1,2612.9697518565476,188844,6125,14442,1,4642.305306122449,235788,3901,23925,1,7224.417328890028,283444,2705,36215,1,10360.944177449168
125,0.08,1953125,0.03333302796388991,396380,220890,17645,5039,1,1659.6354774723718,295596,9722,9564,1,2957.7203250360008,372234,6125,14442,1,4642.305306122449,443104,4221,20792,1,6687.885809049988
150,0.06666666666666667,3375000,0.03333302796388991,686952,318293,25657,3489,1,1157.809408738356,425864,14155,6131,1,2053.5895443306254,533375,8866,9701,1,3235.473832618994,640029,6125,14442,1,4642.305306122449
200,0.05,8000000,0.03333302796388991,1634799,574583,46386,1841,1,659.0569137239685,757426,25657,3489,1,1157.809408738356,948944,16251,5401,1,1796.2448464709864,1147137,11042,7846,1,2612.9697518565476
250,0.04,15625000,0.03333302796388991,3185474,884405,72469,1298,1,433.7482095792684,1183800,40614,2179,1,747.5023144728419,1495573,25657,3489,1,1157.809408738356,1782158,17645,5039,1,1659.6354774723718
