nparticles_per_dimension,particle spacing,#particles,mean face size,#particles sampled,#particles sdf (#layers 3),nhs: #cells (#layers 3),nhs: max #faces per cell (#layers 3),nhs: min #faces per cell (#layers 3),nhs: mean #faces per cell (#layers 3),#particles sdf (#layers 4),nhs: #cells (#layers 4),nhs: max #faces per cell (#layers 4),nhs: min #faces per cell (#layers 4),nhs: mean #faces per cell (#layers 4),#particles sdf (#layers 5),nhs: #cells (#layers 5),nhs: max #faces per cell (#layers 5),nhs: min #faces per cell (#layers 5),nhs: mean #faces per cell (#layers 5),#particles sdf (#layers 6),nhs: #cells (#layers 6),nhs: max #faces per cell (#layers 6),nhs: min #faces per cell (#layers 6),nhs: mean #faces per cell (#layers 6)
25,0.4,15625,0.08626161401633323,3229,8793,698,21645,4,6017.634670487106,11898,397,37616,3,10468.115869017633,15251,254,70188,20,16270.633858267716,18925,221,91922,4,18645.986425339368
50,0.2,125000,0.08626161401633323,25221,35180,2716,5576,1,1606.8873343151693,46577,1488,10186,1,2874.864247311828,58374,958,15390,2,4415.927974947808,70687,698,21645,4,6017.634670487106
75,0.13333333333333333,421875,0.08626161401633323,85833,79178,6169,2208,1,733.7826227913762,105466,3406,4219,1,1292.631826189078,131491,2148,7281,1,2016.036312849162,157809,1488,10186,1,2874.864247311828
100,0.1,1000000,0.08626161401633323,204302,142746,11171,1234,1,420.4661176259959,188336,6169,2208,1,733.7826227913762,235182,3928,3721,1,1126.9485743380856,282732,2716,5576,1,1606.8873343151693
125,0.08,1953125,0.08626161401633323,396191,220204,17844,828,1,272.8752521856086,294682,9809,1505,1,474.48333163421347,371202,6169,2208,1,733.7826227913762,441934,4253,3289,1,1044.5245708911357
150,0.06666666666666667,3375000,0.08626161401633323,686597,317269,26093,564,1,193.53853523933623,424583,14330,983,1,333.84459176552684,531773,8967,1551,1,516.1604773056764,638073,6169,2208,1,733.7826227913762
200,0.05,8000000,0.08626161401633323,1633646,572837,47458,328,1,114.16279657802689,754983,26093,564,1,193.53853523933623,945990,16483,902,1,293.24261360189286,1143594,11171,1234,1,420.4661176259959
250,0.04,15625000,0.08626161401633323,3183647,881632,74540,230,1,77.66499865843842,1180076,41476,346,1,128.30851576815508,1490742,26093,564,1,193.53853523933623,1776455,17844,828,1,272.8752521856086
