nparticles_per_dimension,particle spacing,#particles,mean face size,#particles sampled,#particles sdf (#layers 3),nhs: #cells (#layers 3),nhs: max #faces per cell (#layers 3),nhs: min #faces per cell (#layers 3),nhs: mean #faces per cell (#layers 3),#particles sdf (#layers 4),nhs: #cells (#layers 4),nhs: max #faces per cell (#layers 4),nhs: min #faces per cell (#layers 4),nhs: mean #faces per cell (#layers 4),#particles sdf (#layers 5),nhs: #cells (#layers 5),nhs: max #faces per cell (#layers 5),nhs: min #faces per cell (#layers 5),nhs: mean #faces per cell (#layers 5),#particles sdf (#layers 6),nhs: #cells (#layers 6),nhs: max #faces per cell (#layers 6),nhs: min #faces per cell (#layers 6),nhs: mean #faces per cell (#layers 6)
25,0.4,15625,0.027461339222024695,3230,8811,697,212080,7,58265.81922525108,11916,396,366006,18,102204.66414141415,15281,254,690956,48,159043.57086614173,18952,221,904332,11,182646.06787330317
50,0.2,125000,0.027461339222024695,25246,35288,2703,53265,2,15211.060673325934,46693,1477,99435,2,27658.08056872038,58536,956,149740,2,42576.25,70838,697,212080,7,58265.81922525108
75,0.13333333333333333,421875,0.027461339222024695,85869,79438,6108,21396,1,6811.453667321545,105765,3380,39680,1,12198.201775147929,131869,2142,70240,1,19145.800186741362,158214,1477,99435,2,27658.08056872038
100,0.1,1000000,0.027461339222024695,204437,143260,11032,11465,1,3817.719996374184,188912,6108,21396,1,6811.453667321545,235858,3895,35308,1,10605.004107830551,283525,2703,53265,2,15211.060673325934
125,0.08,1953125,0.027461339222024695,396382,220966,17600,7285,1,2422.016590909091,295703,9712,14003,1,4323.470757825371,372405,6108,21396,1,6811.453667321545,443232,4220,30438,1,9800.220616113744
150,0.06666666666666667,3375000,0.027461339222024695,686967,318393,25599,5047,1,1685.2103988437048,426002,14138,8947,1,2996.979487904937,533577,8867,14351,1,4726.505131386039,640224,6108,21396,1,6811.453667321545
200,0.05,8000000,0.027461339222024695,1634991,574855,46259,2649,1,955.2077217406343,757711,25599,5047,1,1685.2103988437048,949309,16236,7909,1,2619.491377186499,1147562,11032,11465,1,3817.719996374184
250,0.04,15625000,0.027461339222024695,3185575,884719,72225,1884,1,626.0014814814815,1184279,40520,3158,1,1083.8536031589338,1496205,25599,5047,1,1685.2103988437048,1782906,17600,7285,1,2422.016590909091
