nparticles_per_dimension,particle spacing,#particles,mean face size,#particles sampled,#particles sdf (#layers 3),nhs: #cells (#layers 3),nhs: max #faces per cell (#layers 3),nhs: min #faces per cell (#layers 3),nhs: mean #faces per cell (#layers 3),#particles sdf (#layers 4),nhs: #cells (#layers 4),nhs: max #faces per cell (#layers 4),nhs: min #faces per cell (#layers 4),nhs: mean #faces per cell (#layers 4),#particles sdf (#layers 5),nhs: #cells (#layers 5),nhs: max #faces per cell (#layers 5),nhs: min #faces per cell (#layers 5),nhs: mean #faces per cell (#layers 5),#particles sdf (#layers 6),nhs: #cells (#layers 6),nhs: max #faces per cell (#layers 6),nhs: min #faces per cell (#layers 6),nhs: mean #faces per cell (#layers 6)
25,0.4,15625,0.04736961709899531,3230,8802,698,71384,4,19696.396848137534,11910,396,123884,10,34516.31565656565,15269,254,232779,34,53641.074803149604,18946,221,304207,4,61555.909502262446
50,0.2,125000,0.04736961709899531,25241,35258,2710,18085,1,5182.262730627306,46657,1481,33629,1,9377.40175557056,58477,958,50819,1,14407.042797494782,70789,698,71384,4,19696.396848137534
75,0.13333333333333333,421875,0.04736961709899531,85860,79372,6135,7257,1,2335.973594132029,105677,3387,13579,1,4167.118393858872,131759,2143,23926,2,6524.130657956136,158079,1481,33629,1,9377.40175557056
100,0.1,1000000,0.04736961709899531,204412,143115,11092,3904,1,1319.2339523981248,188732,6135,7257,1,2335.973594132029,235676,3909,12076,1,3621.5466871322587,283301,2710,18085,1,5182.262730627306
125,0.08,1953125,0.04736961709899531,396339,220759,17713,2562,1,843.301247671202,295389,9754,4757,1,1492.5353701045724,372037,6135,7257,1,2335.973594132029,442851,4234,10544,1,3350.1407652338216
150,0.06666666666666667,3375000,0.04736961709899531,686885,318052,25785,1753,1,591.2012410316075,425572,14205,3078,1,1040.8147835269272,532993,8896,4889,1,1630.6924460431655,639602,6135,7257,1,2335.973594132029
200,0.05,8000000,0.04736961709899531,1634609,574231,46692,942,1,339.93966846569003,756914,25785,1753,1,591.2012410316075,948274,16327,2735,1,911.1672689410179,1146337,11092,3904,1,1319.2339523981248
250,0.04,15625000,0.04736961709899531,3185198,883859,73043,652,1,225.84622756458523,1182983,40880,1113,1,384.27204011741685,1494561,25785,1753,1,591.2012410316075,1780980,17713,2562,1,843.301247671202
