nparticles_per_dimension,particle spacing,#particles,mean face size,#particles sampled,#particles sdf (#layers 3),nhs: #cells (#layers 3),nhs: max #faces per cell (#layers 3),nhs: min #faces per cell (#layers 3),nhs: mean #faces per cell (#layers 3),#particles sdf (#layers 4),nhs: #cells (#layers 4),nhs: max #faces per cell (#layers 4),nhs: min #faces per cell (#layers 4),nhs: mean #faces per cell (#layers 4),#particles sdf (#layers 5),nhs: #cells (#layers 5),nhs: max #faces per cell (#layers 5),nhs: min #faces per cell (#layers 5),nhs: mean #faces per cell (#layers 5),#particles sdf (#layers 6),nhs: #cells (#layers 6),nhs: max #faces per cell (#layers 6),nhs: min #faces per cell (#layers 6),nhs: mean #faces per cell (#layers 6)
25,0.4,15625,0.09457494461584606,3231,8793,698,18097,3,5027.994269340974,11893,398,31434,1,8714.1608040201,15255,257,58368,7,13413.431906614785,18932,221,76552,3,15551.067873303167
50,0.2,125000,0.09457494461584606,25215,35170,2718,4665,1,1346.4205298013244,46571,1487,8479,1,2406.987895090787,58388,961,12851,1,3681.304890738814,70689,698,18097,3,5027.994269340974
75,0.13333333333333333,421875,0.09457494461584606,85822,79189,6176,1882,1,616.4663212435233,105440,3411,3534,1,1083.1732629727353,131478,2164,6100,1,1676.4182070240295,157822,1487,8479,1,2406.987895090787
100,0.1,1000000,0.09457494461584606,204277,142757,11187,1043,1,354.4931617055511,188336,6176,1882,1,616.4663212435233,235174,3932,3190,1,945.5239064089521,282743,2718,4665,1,1346.4205298013244
125,0.08,1953125,0.09457494461584606,396127,220219,17918,687,1,230.33608661680992,294643,9813,1227,1,400.1697747885458,371214,6176,1882,1,616.4663212435233,441903,4255,2709,1,877.4129259694477
150,0.06666666666666667,3375000,0.09457494461584606,686497,317316,26136,474,1,164.0873890419345,424533,14383,847,1,281.2053118264618,531619,8978,1295,1,434.55691690799733,638036,6176,1882,1,616.4663212435233
200,0.05,8000000,0.09457494461584606,1633557,572843,47589,260,1,97.32658807707664,754901,26136,474,1,164.0873890419345,945920,16502,732,1,247.95036965216337,1143581,11187,1043,1,354.4931617055511
250,0.04,15625000,0.09457494461584606,3183484,881608,75029,207,1,66.3791467299311,1180182,41655,304,1,109.09259392629936,1490777,26136,474,1,164.0873890419345,1776469,17918,687,1,230.33608661680992
